{
  "videoShape" : [704, 480],
  "birdEyeViewShape" : [3923, 3210],

  "cameraPoints" : [[168, 371], [395, 385], [438, 147], [614, 156]],
  "birdEyePoints" : [[579, 562], [510, 641], [3391, 2929], [3241, 3100]],
    
  "birdEyeCoordinates" : [[469, 65], [3885, 3195]],
  "latLonCoordinates" : [[-76.886930, 40.307598], [-76.881407, 40.303729]],
  "elevation" : 104,
  "lanes_mask" : [26,  51,  77, 102, 128, 153]
}