{
  "videoShape" : [1920, 1080],
  "birdEyeViewShape" : [669, 1255],

  "cameraPoints" : [[956, 918], [263, 903], [1550, 215], [1251, 259]],
  "birdEyePoints" : [[82, 874], [55, 824], [1451, 222], [1080, 334]],

  "birdEyeCoordinates" : [[72, 13], [1275, 912]],
  "latLonCoordinates" : [[-96.805598, 33.097870], [-96.803938, 33.096829]],
  "elevation" : 40,
    
  "lanes_mask" : [26,  51,  77, 102, 127, 153]
}