{
  "videoShape" : [1920, 1080],
  "birdEyeViewShape" : [669, 1255],

  "cameraPoints" : [[999, 662], [1150, 659], [1451, 993], [1222, 1001]],
  "birdEyePoints" : [[526, 435], [579, 450], [1036, 766], [988, 752]],

  "birdEyeCoordinates" : [[7, 5], [1030, 780]],
  "latLonCoordinates" : [[-78.747760, 35.823153], [-78.745018, 35.821469]],
  "elevation" : 40,
    
  "lanes_mask" : [26, 51, 77, 102, 128, 153]
}