{
  "videoShape" : [1920, 1080],
  "birdEyeViewShape" : [669, 1255],

  "cameraPoints" : [[446.0, 1016.0], [1231.0, 970.0], [842.0, 759.0], [1377.0, 787.0]],
  "birdEyePoints" : [[110.0, 37.0], [79.0, 104.0], [174.0, 220.0], [127.0, 236.0]],

  "birdEyeCoordinates" : [[42, 39], [205, 241]],
  "latLonCoordinates" : [[-76.641161, 39.127670], [-76.640759, 39.127284]],
  "elevation" : 40,
    
  "lanes_mask" : [26, 51, 77, 102, 128]
}