{

  "videoShape" : [1920, 1080],
  "birdEyeViewShape" : [1364, 423],

  "cameraPoints" : [[797, 935], [1609, 544], [1427, 305], [1054, 361]],
  "birdEyePoints" : [[1114, 72], [874, 34], [25, 247], [461, 298]],

  "birdEyeCoordinates" : [[45, 407], [1316, 12]],
  "latLonCoordinates" : [[-76.691560, 39.147878], [-76.688151, 39.148703]],
  "elevation" : 40,   
  "lanes_mask" : [10, 20, 30, 40, 50, 61]
}
