{
  "videoShape" : [1920, 1080],
  "birdEyeViewShape" : [669, 1255],

  "cameraPoints" : [[1274, 493], [1151, 480], [847, 433], [228, 443]],
  "birdEyePoints" : [[2118, 3110], [2008, 3283], [1159, 4512], [1366, 4668]],

  "birdEyeCoordinates" : [[4581, 221], [414, 5702]],
  "latLonCoordinates" : [[-115.733848, 40.865149], [-115.740046, 40.858754]],
  "elevation" : 40,
    
  "lanes_mask" : [26, 51, 77, 102, 128, 153]
}