{

  "videoShape" : [1920, 1080],
  "birdEyeViewShape" : [1364, 423],

  "cameraPoints" : [[1226, 759], [1717, 691], [771, 571], [912, 558]],
  "birdEyePoints" : [[265, 159], [253, 378], [1123, 469], [1715, 1039]],

  "birdEyeCoordinates" : [[149, 1097], [1932, 73]],
  "latLonCoordinates" : [[-76.924505, 38.976683], [-76.923345, 38.977203]],
  "elevation" : 40,   
  "lanes_mask" : [26,  51,  77, 102, 128]
}
