{
  "videoShape" : [1920, 1080],
  "birdEyeViewShape" : [669, 1255],

  "cameraPoints" : [[784, 777], [1491, 686], [548, 407], [814, 421]],
  "birdEyePoints" : [[98, 1400], [254, 1275], [254, 13], [346, 109]],

  "birdEyeCoordinates" : [[98, 1400], [382, 28]],
  "latLonCoordinates" : [[-96.817211, 32.819334], [-96.816702, 32.821393]],
  "elevation" : 40,
    
  "lanes_mask" : [26, 51, 77, 102, 127, 153]
}