{
  "videoShape" : [1920, 1080],
  "birdEyeViewShape" : [669, 1255],

  "cameraPoints" : [[385, 211], [440, 210], [1098, 617], [945, 631]],
  "birdEyePoints" : [[185, 193], [203, 187], [371, 780], [354, 784]],

  "birdEyeCoordinates" : [[19, 870], [567, 7]],
  "latLonCoordinates" : [[-96.819471, 32.921141], [-96.818435, 32.922512]],
  "elevation" : 40,
    
  "lanes_mask" : [26, 51, 77, 102, 128, 153]
}