{
  "videoShape" : [1920, 1080],
  "birdEyeViewShape" : [669, 1255],

  "cameraPoints" : [[493, 1006], [1500, 985], [333, 307], [438, 308]],
  "birdEyePoints" : [[99, 2010], [185, 2010], [141, 587], [170, 591]],

  "birdEyeCoordinates" : [[127, 2008], [637, 10]],
  "latLonCoordinates" : [[-96.556226, 32.898375], [-96.555519, 32.901125]],
  "elevation" : 40,
    
  "lanes_mask" : [26,  51,  77, 102, 127, 153]
}