{
  "videoShape" : [800, 450],
  "birdEyeViewShape" : [669, 1255],

  "cameraPoints" : [[588, 306], [462, 198], [496, 429], [90, 63]],
  "birdEyePoints" : [[1473,  327], [985, 200], [2075,  543], [153,  74]],
    
  "birdEyeCoordinates" : [[603, 137], [2139, 582]],
  "latLonCoordinates" : [[-76.311897, 40.069843], [-76.30821, 40.069129]],
  "elevation" : 107,
  "lanes_mask" : [26,  51,  77, 102, 128, 153]
}