{
  "videoShape" : [640, 480],
  "birdEyeViewShape" : [1338, 845],

  "cameraPoints" : [[333, 371], [437, 255], [184, 271], [10, 319]],
  "birdEyePoints" : [[592, 430], [896, 369], [727, 232], [577, 238]],

  "birdEyeCoordinates" : [[242, 809], [800, 800]],
  "latLonCoordinates" : [[-76.656404, 38.960086], [-76.654704, 38.961184]],
  "elevation" : 40
}
