{
  "videoShape" : [640, 480],
  "birdEyeViewShape" : [665, 379],

  "cameraPoints" : [[533, 327], [543, 189], [178, 178], [1, 304]],
  "birdEyePoints" : [[387, 346], [522, 149], [248, 58], [172, 278]],

  "birdEyeCoordinates" : [[8, 367], [645, 81]],
  "latLonCoordinates" : [[-76.925484, 38.979819], [-76.925143, 38.979938]],
  "elevation" : 40
}
