{
  "videoShape" : [640, 480],
  "birdEyeViewShape" : [1338, 845],

  "cameraPoints" : [[333, 371], [437, 255], [184, 271], [10, 319]],
  "birdEyePoints" : [[592, 430], [896, 369], [727, 232], [577, 238]],

  "birdEyeCoordinates" : [[15, 97], [1327, 655]],
  "latLonCoordinates" : [[-76.656819, 38.961082], [-76.654449, 38.960298]],
  "elevation" : 40
}
