{
  "videoShape" : [340, 310],
  "birdEyeViewShape" : [769, 1167],

  "cameraPoints" : [[972, 880], [716, 493], [216, 232], [407, 246]], 
  "birdEyePoints" : [[1689, 110], [1312, 229], [595, 598], [640, 498]], 

  "birdEyeCoordinates" : [[1670, 70], [-263, 956]],
  "latLonCoordinates" : [[-76.659353, 39.218922], [-76.663110, 39.217589]],
  "elevation" : 27
}
