{
  "videoShape" : [1920, 1080],
  "birdEyeViewShape" : [669, 1255],

  "cameraPoints" : [[1025, 465], [1819, 358], [302, 327], [925, 1077]], 
  "birdEyePoints" : [[344, 730], [353, 573], [20, 626], [436, 830]], 

  "birdEyeCoordinates" : [[42, 39], [205, 241]],
  "latLonCoordinates" : [[-76.641161, 39.127670], [-76.640759, 39.127284]],
  "elevation" : 40,
    
  "lanes_mask" : [26, 51, 77, 102, 128, 153, 179, 204, 230]
}