{
  "videoShape" : [1024, 768],
  "birdEyeViewShape" : [800, 600],

  "cameraPoints" : [[1025, 465], [1819, 358], [302, 327], [925, 1077]], 
  "birdEyePoints" : [[344, 730], [353, 573], [20, 626], [436, 830]], 

  "birdEyeCoordinates" : [[1, 1], [800, 800]],
  "latLonCoordinates" : [[-76.927300, 38.979742], [-76.926500, 38.977332]],
  "elevation" : 40
}
