{

  "videoShape" : [1920, 1080],
  "birdEyeViewShape" : [1364, 423],

  "cameraPoints" : [[1072, 1036], [578, 756], [1493, 302], [1009, 317]],
  "birdEyePoints" : [[294, 381], [689, 513], [921, 2444], [1485, 2126]],

  "birdEyeCoordinates" : [[294, 381], [1485, 2126]],
  "latLonCoordinates" : [[-76.926848, 38.978997], [-76.926107, 38.978149]],
  "elevation" : 40,   
  "lanes_mask" : [26,  51,  77, 102, 128]
}
