{
  "videoShape" : [1920, 1080],
  "birdEyeViewShape" : [669, 1255],

  "cameraPoints" : [[407, 226], [410, 197], [1096, 623], [944, 636]],
  "birdEyePoints" : [[204, 259], [181, 105], [371, 780], [354, 784]],

  "birdEyeCoordinates" : [[19, 870], [567, 7]],
  "latLonCoordinates" : [[-96.819471, 32.921141], [-96.818435, 32.922512]],
  "elevation" : 40,
    
  "lanes_mask" : [26, 51, 77, 102, 128, 153]
}