{
  "videoShape" : [1920, 1080],
  "birdEyeViewShape" : [669, 1255],

  "cameraPoints" : [[292, 132], [364, 130], [439, 315], [273, 322]],
  "birdEyePoints" : [[1268, 688], [1237, 763], [241, 188], [269, 133]],

  "birdEyeCoordinates" : [[5, 22], [1380, 835]],
  "latLonCoordinates" : [[-76.834420, 40.257667], [-76.831208, 40.256254]],
  "elevation" : 40,
    
  "lanes_mask" : [26,  51,  77, 102, 127, 153]
}