{
  "videoShape" : [1920, 1080],
  "birdEyeViewShape" : [669, 1255],

  "cameraPoints" : [[798, 422], [731, 456], [551, 439], [539, 418]],
  "birdEyePoints" : [[4392, 1076], [3524, 1767], [3847, 1173], [4555, 435]],

  "birdEyeCoordinates" : [[7, 5], [1030, 780]],
  "latLonCoordinates" : [[-78.747760, 35.823153], [-78.745018, 35.821469]],
  "elevation" : 40,
    
  "lanes_mask" : [26, 51, 77, 102, 128, 153]
}